"dependency","n"
"react",14215
"react-dom",9262
"react-router",5848
"redux",4520
"react-redux",4375
"express",3930
"lodash",3345
"redux-thunk",2572
"classnames",2337
"body-parser",2213
"history",2187
"webpack",2166
"babel-core",2068
"babel-loader",1993
"jquery",1861
"moment",1861
"babel-preset-react",1848
"babel-preset-es2015",1726
"immutable",1542
"style-loader",1508
"css-loader",1498
"react-bootstrap",1389
"file-loader",1330
"react-router-redux",1326
"babel-polyfill",1259
"babel",1248
"superagent",1232
"bootstrap",1155
"flux",1151
"url-loader",1127
"react-tap-event-plugin",1077
"material-ui",1056
"compression",1034
"normalize.css",1010
"redux-logger",993
"isomorphic-fetch",955
"morgan",940
"debug",930
"object-assign",916
"node-sass",887
"babel-runtime",883
"underscore",878
"cookie-parser",874
"extract-text-webpack-plugin",867
"serve-favicon",867
"sass-loader",837
"babel-preset-stage-0",823
"axios",793
"mongoose",785
"express-session",761
"json-loader",758
"bluebird",750
"socket.io",705
"browserify",701
"webpack-dev-server",687
"gulp",685
"request",655
"whatwg-fetch",645
"font-awesome",627
"react-addons-css-transition-group",567
"babel-register",561
"postcss-loader",555
"redux-form",546
"less",544
"es6-promise",542
"babel-eslint",539
"async",519
"socket.io-client",517
"babelify",513
"passport",510
"yargs",499
"eslint",497
"less-loader",490
"eslint-plugin-react",466
"koa",466
"html-webpack-plugin",461
"babel-cli",459
"keymirror",458
"react-helmet",458
"react-hot-loader",449
"jade",433
"ejs",432
"reactify",424
"node-uuid",418
"dotenv",417
"firebase",415
"react-native",415
"reflux",401
"d3",394
"babel-plugin-transform-runtime",387
"rimraf",383
"autoprefixer",382
"serialize-javascript",378
"imports-loader",377
"koa-static",375
"reselect",369
"gulp-util",367
"redux-actions",355
"marked",350
"react-router-bootstrap",349
